City_ID,City,Lat,Lng,Max Temp,Humidity,Cloudiness,Wind Speed,Country,Date
0,college,64.8569,-147.8028,-26.06,72,40,0.0,US,1675615498
1,kidero,42.1932,45.9614,-7.77,91,97,0.77,RU,1675615642
2,chuy,-33.6971,-53.4616,25.9,49,12,4.96,UY,1675615517
3,rikitea,-23.1203,-134.9692,25.88,75,8,7.17,PF,1675615473
4,jardim,-21.4803,-56.1381,32.1,45,37,1.12,BR,1675615645
5,hobart,-42.8794,147.3294,14.47,77,95,3.6,AU,1675615646
6,keti bandar,24.1447,67.4497,21.96,78,0,5.25,PK,1675615649
7,coquimbo,-29.9533,-71.3436,22.85,60,0,6.17,CL,1675615382
8,nadym,65.5333,72.5167,-23.93,100,96,1.03,RU,1675615652
9,mar del plata,-38.0023,-57.5575,29.9,50,0,8.75,AR,1675615644
10,avarua,-21.2078,-159.775,27.03,83,75,6.17,CK,1675615474
11,saint-philippe,-21.3585,55.7679,27.77,86,87,4.48,RE,1675615652
12,kapaa,22.0752,-159.319,22.18,93,100,3.6,US,1675615653
13,karratha,-20.7377,116.8463,31.06,55,12,6.75,AU,1675615653
14,half moon bay,37.4636,-122.4286,11.6,90,75,4.63,US,1675615483
15,dingle,10.9995,122.6711,23.42,92,100,3.29,PH,1675615654
16,vaksdal,60.5903,5.8227,3.61,95,100,1.14,NO,1675615654
17,ushuaia,-54.8,-68.3,6.81,76,40,12.86,AR,1675615655
18,arequipa,-16.3989,-71.535,18.04,67,40,3.09,PE,1675615655
19,bengkulu,-3.8004,102.2655,23.82,90,99,2.8,ID,1675615497
20,hermanus,-34.4187,19.2345,21.0,79,97,3.91,ZA,1675615656
21,mende,44.6667,3.5,-0.69,87,93,6.3,FR,1675615656
22,bredasdorp,-34.5322,20.0403,22.44,68,85,4.86,ZA,1675615571
23,cape town,-33.9258,18.4232,23.95,74,20,10.8,ZA,1675615651
24,longyearbyen,78.2186,15.6401,-6.09,73,40,21.09,SJ,1675615435
25,luderitz,-26.6481,15.1594,21.36,66,15,11.62,NA,1675615657
26,sambava,-14.2667,50.1667,25.26,89,100,3.74,MG,1675615657
27,hithadhoo,-0.6,73.0833,27.35,70,66,4.92,MV,1675615658
28,mataura,-46.1927,168.8643,14.15,87,99,4.68,NZ,1675615658
29,mahebourg,-20.4081,57.7,27.36,89,40,3.09,MU,1675615369
30,leningradskiy,69.3833,178.4167,-32.91,99,100,2.03,RU,1675615380
31,santa marinella,42.0345,11.8536,9.95,54,8,1.86,IT,1675615659
32,tuktoyaktuk,69.4541,-133.0374,-44.0,66,0,1.54,CA,1675615427
33,zaria,11.1113,7.7227,31.98,9,100,5.13,NG,1675615209
34,hasaki,35.7333,140.8333,2.22,78,88,4.57,JP,1675615475
35,albany,42.6001,-73.9662,3.23,54,100,2.24,US,1675615636
36,lebu,-37.6167,-73.65,19.09,75,28,7.82,CL,1675615660
37,nakhon thai,17.1006,100.8374,24.39,76,60,0.43,TH,1675615661
38,sitka,57.0531,-135.33,1.94,87,100,2.06,US,1675615485
39,alofi,-19.0595,-169.9187,23.94,100,100,1.54,NU,1675615661
40,ariquemes,-9.9133,-63.0408,29.59,70,88,0.98,BR,1675615662
41,tevaitoa,-16.7833,-151.5,27.37,75,60,7.16,PF,1675615662
42,malanje,-9.5402,16.341,18.33,89,100,1.15,AO,1675615663
43,komsomolskiy,40.4272,71.7189,4.4,93,100,1.03,UZ,1675615663
44,shagonar,51.5333,92.8,-19.79,98,99,0.23,RU,1675615663
45,steinbach,50.1667,8.5667,5.66,93,100,2.57,DE,1675615164
46,flinders,-34.5833,150.8552,21.21,78,96,1.34,AU,1675615512
47,dikson,73.5069,80.5464,-19.82,97,100,0.78,RU,1675615664
48,palmer,42.1584,-72.3287,6.3,44,75,6.69,US,1675615434
49,busselton,-33.65,115.3333,18.8,85,5,6.67,AU,1675615665
50,gravelbourg,49.8834,-106.5512,-4.85,82,7,4.53,CA,1675615665
51,punta arenas,-53.15,-70.9167,10.06,53,40,13.89,CL,1675615665
52,geraldton,-28.7667,114.6,23.23,73,100,4.63,AU,1675615666
53,norman wells,65.282,-126.8329,-34.98,75,20,0.0,CA,1675615666
54,barrow,71.2906,-156.7887,-27.99,76,100,3.09,US,1675615668
55,chiang klang,19.2938,100.8617,23.05,68,72,0.84,TH,1675615668
56,bestobe,52.4994,73.0975,-19.54,100,78,2.24,KZ,1675615669
57,yellowknife,62.456,-114.3525,-27.71,76,100,2.57,CA,1675615670
58,drovyanaya,51.5833,113.0333,-24.1,99,24,0.92,RU,1675615670
59,camana,-16.6228,-72.7111,25.33,76,85,3.13,PE,1675615467
60,bosaso,11.2842,49.1816,23.8,70,61,3.01,SO,1675615671
61,okha,53.5739,142.9478,-19.8,96,100,4.34,RU,1675615671
62,jamestown,42.097,-79.2353,7.77,52,0,10.8,US,1675615547
63,vardo,70.3705,31.1107,-7.01,93,40,8.75,NO,1675615672
64,bluff,-46.6,168.3333,15.46,82,99,12.84,NZ,1675615453
65,jieshi,22.8134,115.8257,17.08,90,100,5.89,CN,1675615673
66,shimoga,13.9167,75.5667,22.71,56,6,1.38,IN,1675615673
67,adrar,20.5022,-10.0711,22.34,17,68,4.92,MR,1675615488
68,arman,59.7,150.1667,-26.27,83,83,3.74,RU,1675615674
69,pingliang,35.5392,106.6861,0.63,34,8,3.44,CN,1675615674
70,tasiilaq,65.6145,-37.6368,-2.91,74,100,6.63,GL,1675615675
71,puerto ayora,-0.7393,-90.3518,29.98,87,44,2.24,EC,1675615675
72,valparaiso,-33.0393,-71.6273,23.8,64,0,5.14,CL,1675615531
73,saint-augustin,51.226,-58.6502,-16.95,66,97,4.68,CA,1675615675
74,dunedin,-45.8742,170.5036,19.33,43,63,3.13,NZ,1675615627
75,butaritari,3.0707,172.7902,26.93,82,84,8.08,KI,1675615659
76,fortuna,40.5982,-124.1573,9.19,96,75,0.89,US,1675615676
77,port hardy,50.6996,-127.4199,6.1,100,100,4.63,CA,1675615677
78,nikolskoye,59.7035,30.7861,-6.78,84,100,3.3,RU,1675615480
79,kaitangata,-46.2817,169.8464,12.35,93,96,2.3,NZ,1675615469
80,carnarvon,-24.8667,113.6333,25.05,76,2,7.81,AU,1675615486
81,hindoria,23.9,79.5667,18.7,32,0,1.97,IN,1675615678
82,kodiak,57.79,-152.4072,1.73,93,100,12.35,US,1675615408
83,hovd,48.0056,91.6419,-15.8,81,8,1.35,MN,1675615678
84,mayumba,-3.432,10.6554,26.89,82,51,3.85,GA,1675615679
85,waipawa,-41.4122,175.5153,17.56,77,75,7.98,NZ,1675615679
86,hilo,19.7297,-155.09,22.38,93,75,2.57,US,1675615530
87,mandurah,-32.55,115.7,22.25,87,0,3.73,AU,1675615680
88,torbay,47.6666,-52.7314,-3.12,78,75,9.77,CA,1675615680
89,khatanga,71.9667,102.5,-33.99,95,98,2.37,RU,1675615681
90,chernyshevskiy,63.0128,112.4714,-46.45,100,61,0.18,RU,1675615681
91,kloulklubed,7.0419,134.2556,26.28,76,100,8.33,PW,1675615682
92,port alfred,-33.5906,26.891,22.88,87,7,4.02,ZA,1675615682
93,thompson,55.7435,-97.8558,-19.91,77,100,1.03,CA,1675615684
94,chokurdakh,70.6333,147.9167,-39.07,100,98,1.61,RU,1675615533
95,nouadhibou,20.931,-17.0347,22.99,28,100,6.69,MR,1675615686
96,sao filipe,14.8961,-24.4956,22.55,56,19,4.76,CV,1675615687
97,dafeng,23.4517,108.5881,13.06,96,100,1.18,CN,1675615688
98,mutare,-18.9707,32.6709,19.93,85,79,0.68,ZW,1675615689
99,kavieng,-2.5744,150.7967,27.49,73,100,0.96,PG,1675615426
100,mira,45.4358,12.1348,5.99,70,75,1.54,IT,1675615690
101,ponta do sol,32.6667,-17.1,17.85,48,29,1.72,PT,1675615691
102,santa elena,-2.2333,-80.85,27.75,69,0,5.14,EC,1675615692
103,auki,-8.7676,160.7034,24.81,95,100,6.37,SB,1675615694
104,rawson,-43.3002,-65.1023,33.16,18,0,8.23,AR,1675615695
105,georgetown,5.4112,100.3354,24.96,100,40,0.0,MY,1675615556
106,kaeo,-35.1,173.7833,19.07,94,100,2.07,NZ,1675615697
107,thomasville,35.8826,-80.082,7.76,53,100,2.24,US,1675615678
108,east london,-33.0153,27.9116,27.52,74,0,6.17,ZA,1675615668
109,alihe,50.5667,123.7167,-26.95,99,33,1.38,CN,1675615701
110,marsh harbour,26.5412,-77.0636,23.51,77,82,9.79,BS,1675615694
111,esperance,-33.8667,121.9,20.41,67,29,9.59,AU,1675615704
112,moose factory,51.2585,-80.6094,-19.0,78,100,2.06,CA,1675615705
113,sept-iles,50.2001,-66.3821,-16.08,84,100,2.06,CA,1675615624
114,bethel,41.3712,-73.414,5.67,48,0,5.66,US,1675615576
115,harboore,56.6175,8.1807,4.52,84,62,9.52,DK,1675615709
116,namatanai,-3.6667,152.4333,25.58,81,99,1.41,PG,1675615711
117,natal,-5.795,-35.2094,32.36,58,20,6.17,BR,1675615477
118,muisne,0.6,-80.0333,27.71,72,40,4.08,EC,1675615712
119,merauke,-8.4667,140.3333,25.18,90,100,2.28,ID,1675615712
120,new norfolk,-42.7826,147.0587,14.28,62,95,2.24,AU,1675615683
121,fukue,32.6881,128.8419,10.02,50,81,3.31,JP,1675615713
122,baltasi,56.3462,50.2062,-17.06,100,98,1.94,RU,1675615713
123,kavaratti,10.5669,72.642,27.33,73,5,3.5,IN,1675615501
124,dakar,14.6937,-17.4441,28.49,53,0,8.23,SN,1675615555
125,bulungu,-4.55,18.6,25.18,71,43,1.41,CD,1675615714
126,bambous virieux,-20.3428,57.7575,27.34,89,40,3.09,MU,1675615714
127,bilma,18.6853,12.9164,25.5,13,35,5.16,NE,1675615715
128,faanui,-16.4833,-151.75,27.63,73,53,7.02,PF,1675615715
129,veraval,20.9,70.3667,22.03,55,3,4.97,IN,1675615519
130,klaksvik,62.2266,-6.589,7.51,92,100,14.98,FO,1675615716
131,katsuura,35.1333,140.3,8.95,81,19,2.61,JP,1675615441
132,puttur,12.7667,75.2167,27.06,89,68,0.22,IN,1675615716
133,bandarbeyla,9.4942,50.8122,24.44,72,62,7.46,SO,1675615500
134,am timan,11.0297,20.2827,31.52,10,30,1.52,TD,1675615717
135,souillac,-20.5167,57.5167,26.21,89,40,3.09,MU,1675615717
136,samarai,-10.6167,150.6667,26.4,85,100,6.73,PG,1675615718
137,teguise,29.0605,-13.564,17.12,63,20,4.12,ES,1675615718
138,airai,-8.9266,125.4092,15.91,93,100,0.79,TL,1675615719
139,acajutla,13.5928,-89.8275,30.18,43,5,2.53,SV,1675615309
140,cherskiy,68.75,161.3,-40.94,100,100,2.21,RU,1675615719
141,char bhadrasan,23.3167,90.2167,18.82,38,4,1.51,BD,1675615720
142,quatre cocos,-20.2078,57.7625,27.27,80,75,5.45,MU,1675615684
143,platonovka,52.7106,41.952,-7.99,96,88,2.53,RU,1675615720
144,linxia,35.6003,103.2064,-2.42,42,86,1.1,CN,1675615721
145,tiksi,71.6872,128.8694,-34.0,100,100,1.43,RU,1675615721
146,montoro,38.0241,-4.3834,19.32,39,1,0.92,ES,1675615359
147,tilichiki,60.4667,166.1,-29.99,94,11,3.77,RU,1675615723
148,grand gaube,-20.0064,57.6608,27.43,76,74,1.79,MU,1675615473
149,arraial do cabo,-22.9661,-42.0278,32.98,55,0,4.12,BR,1675615515
150,te anau,-45.4167,167.7167,13.95,91,100,3.85,NZ,1675615723
151,saskylakh,71.9167,114.0833,-40.01,100,100,1.75,RU,1675615724
152,bowen,-20.0167,148.2333,27.47,84,35,5.34,AU,1675615724
153,vaini,-21.2,-175.2,26.37,76,60,3.44,TO,1675615725
154,isangel,-19.55,169.2667,26.8,82,100,2.92,VU,1675615725
155,adela,12.4416,120.9729,24.47,82,100,3.1,PH,1675615725
156,cabo san lucas,22.8909,-109.9124,24.23,50,0,1.54,MX,1675615591
157,turkistan,43.0,68.0,3.09,60,7,2.42,KZ,1675615726
158,praia,14.9215,-23.5087,24.3,50,20,8.75,CV,1675615726
159,padang,-0.9492,100.3543,22.03,80,100,1.56,ID,1675615727
160,nanortalik,60.1432,-45.2371,-4.27,57,99,6.05,GL,1675615727
161,kindu,-2.95,25.95,25.57,65,100,0.77,CD,1675615728
162,kungurtug,50.5994,97.5228,-19.67,99,98,0.6,RU,1675615728
163,kahului,20.8947,-156.47,23.25,87,40,6.69,US,1675615728
164,codrington,-38.2667,141.9667,13.17,87,43,2.64,AU,1675615729
165,bojnurd,37.4747,57.329,3.97,45,0,3.09,IR,1675615605
166,krasnoselkup,65.7,82.4667,-17.43,98,92,2.66,RU,1675615729
167,faya,18.3851,42.4509,16.06,59,98,2.43,SA,1675615730
168,port elizabeth,-33.918,25.5701,26.72,89,75,8.75,ZA,1675615730
169,mackay,-21.15,149.2,27.05,85,33,4.94,AU,1675615731
170,morondava,-20.2833,44.2833,27.36,79,0,4.0,MG,1675615731
171,henties bay,-22.116,14.2845,18.74,82,91,3.26,NA,1675615495
172,paamiut,61.994,-49.6678,-9.07,84,100,5.65,GL,1675615732
173,weligama,5.9667,80.4167,24.78,89,100,0.9,LK,1675615732
174,baruun-urt,46.6806,113.2792,-20.29,93,38,2.51,MN,1675615733
175,bandar-e lengeh,26.5579,54.8807,20.06,68,0,3.09,IR,1675615733
176,ancud,-41.8697,-73.8203,17.84,80,47,4.16,CL,1675615715
177,los llanos de aridane,28.6585,-17.9182,17.86,67,20,4.63,ES,1675615734
178,acapulco,16.8634,-99.8901,27.9,54,0,1.54,MX,1675615735
179,lorengau,-2.0226,147.2712,27.07,79,100,0.83,PG,1675615735
180,tripoli,32.8752,13.1875,14.84,70,15,6.27,LY,1675615735
181,erenhot,43.6475,111.9767,-9.17,55,31,1.05,CN,1675615736
182,broken hill,-31.95,141.4333,20.78,36,0,4.11,AU,1675615736
183,beringovskiy,63.05,179.3167,-28.67,93,99,5.33,RU,1675615737
184,novyy urgal,51.0736,132.5642,-31.89,100,87,0.75,RU,1675615737
185,arawa,-6.2132,155.5367,24.68,91,100,1.29,PG,1675615737
186,kang,-23.6752,22.7876,27.22,47,99,2.82,BW,1675615738
187,hamilton,39.1834,-84.5333,10.48,54,100,8.23,US,1675615534
188,sechura,-5.5569,-80.8222,28.79,54,86,4.1,PE,1675615738
189,raudeberg,61.9875,5.1352,6.04,65,75,7.14,NO,1675615739
190,macia,-25.0269,33.0989,24.49,75,10,3.45,MZ,1675615739
191,qaanaaq,77.484,-69.3632,-19.36,64,0,3.99,GL,1675615488
192,lonevag,60.5262,5.4937,4.31,95,100,1.61,NO,1675615740
193,weinan,34.5036,109.5089,4.37,52,7,1.59,CN,1675615741
194,okmulgee,35.6234,-95.9605,11.7,57,0,2.06,US,1675615741
195,tigre,-34.426,-58.5796,30.03,44,0,3.6,AR,1675615742
196,bar harbor,44.3876,-68.2039,2.28,71,100,4.12,US,1675615597
197,pevek,69.7008,170.3133,-39.05,100,74,1.19,RU,1675615748
198,serta,39.8085,-8.0988,16.08,49,0,2.47,PT,1675615749
199,rocha,-34.4833,-54.3333,25.92,49,35,3.95,UY,1675615750
200,morant bay,17.8815,-76.4093,29.84,66,16,5.84,JM,1675615752
201,sola,-13.8833,167.55,28.51,72,100,10.16,VU,1675615753
202,cidreira,-30.1811,-50.2056,28.0,46,14,6.56,BR,1675615669
203,narsaq,60.9167,-46.05,-7.88,83,100,2.15,GL,1675615561
204,lasa,46.6166,10.7002,3.49,93,20,3.12,IT,1675615756
205,maumere,-8.6199,122.2111,26.07,86,100,4.91,ID,1675615758
206,walvis bay,-22.9575,14.5053,19.49,77,99,4.5,NA,1675615522
207,pimentel,-6.8367,-79.9342,28.16,57,0,4.12,PE,1675615762
208,sibolga,1.7427,98.7792,24.22,93,100,1.44,ID,1675615763
209,sisimiut,66.9395,-53.6735,-19.46,95,100,4.62,GL,1675615764
210,floro,61.5996,5.0328,6.65,87,75,3.09,NO,1675615757
211,hofn,64.2539,-15.2082,7.01,93,100,8.23,IS,1675615766
212,mutsu,41.2894,141.2169,1.02,93,100,5.88,JP,1675615768
213,provideniya,64.3833,-173.3,-17.36,96,97,4.43,RU,1675615771
214,manokwari,-0.8667,134.0833,24.78,89,100,1.72,ID,1675615772
215,eydhafushi,5.1033,73.0708,27.36,74,100,4.16,MV,1675615772
216,mitu,1.1983,-70.1733,21.92,99,100,0.5,CO,1675615773
217,castro,-24.7911,-50.0119,24.14,62,74,3.18,BR,1675615643
218,amboasary,-25.0333,46.3833,24.26,79,100,5.84,MG,1675615520
219,san patricio,28.017,-97.5169,22.93,71,0,1.76,US,1675615774
220,kapit,2.0167,112.9333,23.05,99,99,0.48,MY,1675615774
221,olafsvik,64.8945,-23.7142,6.39,91,93,10.53,IS,1675615774
222,clyde river,70.4692,-68.5914,-24.87,64,75,6.17,CA,1675615775
223,port hedland,-20.3167,118.5667,28.03,89,5,2.57,AU,1675615775
224,zhigansk,66.7697,123.3711,-41.96,97,97,1.19,RU,1675615776
225,tuatapere,-46.1333,167.6833,14.53,92,97,5.52,NZ,1675615776
226,ruteng,-8.6136,120.4721,17.15,94,100,0.92,ID,1675615776
227,atuona,-9.8,-139.0333,25.73,76,9,7.6,PF,1675615777
228,hualmay,-11.0964,-77.6139,25.24,68,44,4.3,PE,1675615777
229,xiongzhou,25.1167,114.3,12.89,94,99,0.61,CN,1675615778
230,plettenberg bay,-34.0527,23.3716,22.91,78,50,3.31,ZA,1675615778
231,biak,-0.9131,122.8766,24.35,83,86,2.56,ID,1675615779
232,aripuana,-9.1667,-60.6333,29.01,72,96,0.56,BR,1675615779
233,ilhabela,-23.7781,-45.3581,28.66,77,81,2.1,BR,1675615779
234,itapaci,-14.9508,-49.5494,29.29,61,96,0.91,BR,1675615780
235,asheboro,35.7079,-79.8136,7.85,45,100,4.02,US,1675615780
236,fuerte olimpo,-21.0415,-57.8738,34.44,38,41,1.46,PY,1675615781
237,ladnun,27.65,74.3833,21.52,26,0,3.47,IN,1675615781
238,tereze,43.9361,42.4434,-4.3,86,69,1.16,RU,1675615781
239,pisco,-13.7,-76.2167,23.34,88,75,4.12,PE,1675615617
240,ganta,7.3022,-8.5308,35.03,22,54,0.98,LR,1675615782
241,vostok,46.4856,135.8833,-20.71,100,100,1.4,RU,1675615782
242,oktyabrskiy,54.4815,53.471,-10.13,95,100,1.06,RU,1675615783
243,victoria,22.2855,114.1577,19.41,88,85,1.79,HK,1675615758
244,ostrovnoy,68.0531,39.5131,-15.3,97,81,4.52,RU,1675615783
245,awjilah,29.1081,21.2869,15.2,57,81,7.85,LY,1675615784
246,lalmohan,22.3384,90.7419,20.51,57,7,1.11,BD,1675615784
247,aklavik,68.2191,-135.0107,-43.0,59,0,2.06,CA,1675615785
248,yaan,7.3833,8.5667,37.54,9,51,3.72,NG,1675615785
249,matara,5.9485,80.5353,24.76,90,100,0.69,LK,1675615786
250,hambantota,6.1241,81.1185,25.18,84,100,5.91,LK,1675615786
251,kirkwall,58.9848,-2.9587,5.54,87,20,5.14,GB,1675615786
252,ribeira grande,38.5167,-28.7,18.22,77,20,5.14,PT,1675615706
253,rocky mountain house,52.3668,-114.9188,-4.94,74,100,1.54,CA,1675615538
254,laguna,38.421,-121.4238,10.69,85,0,5.14,US,1675615787
255,cootehill,54.0725,-7.0819,4.7,81,63,4.34,IE,1675615788
256,grants,35.1473,-107.8514,-0.87,51,0,0.0,US,1675615788
257,flin flon,54.7682,-101.865,-11.09,79,100,4.12,CA,1675615788
258,maniwaki,46.3834,-75.966,-9.79,85,100,0.0,CA,1675615789
259,elsterwerda,51.45,13.5333,0.24,78,100,2.57,DE,1675615789
260,cayenne,4.9333,-52.3333,22.02,100,75,0.51,GF,1675615790
261,innisfail,-17.5333,146.0333,24.85,93,100,1.26,AU,1675615537
262,paralimni,35.0375,33.9833,11.49,95,78,0.45,CY,1675615790
263,annau,37.8876,58.516,7.72,76,51,3.09,TM,1675615791
264,gimli,50.6336,-96.9907,-12.99,66,17,1.54,CA,1675615791
265,north bend,43.4065,-124.2243,8.25,100,100,2.06,US,1675615538
266,maruko,36.3167,138.2667,0.69,82,15,0.67,JP,1675615792
267,tombouctou,20.0,-3.0,25.1,12,50,3.86,ML,1675615792
268,bataipora,-22.2953,-53.2711,31.58,43,71,2.46,BR,1675615792
269,vila franca do campo,37.7167,-25.4333,17.23,72,0,3.19,PT,1675615786
270,rajapur,25.3833,81.15,17.12,45,0,1.06,IN,1675615793
271,poronaysk,49.2167,143.1167,-23.43,96,89,1.22,RU,1675615793
272,aleksin,54.51,37.08,-3.54,98,96,2.16,RU,1675615794
273,moses lake,47.1301,-119.2781,3.38,93,100,1.54,US,1675615693
274,puerto colombia,10.9878,-74.9547,29.05,73,94,7.98,CO,1675615794
275,nalut,30.3333,10.85,12.69,40,3,4.48,LY,1675615795
276,jingdezhen,29.2947,117.2079,10.13,98,100,0.29,CN,1675615795
277,ereymentau,51.6199,73.1033,-12.67,95,100,2.31,KZ,1675615796
278,manggar,-2.8833,108.2667,25.63,86,100,2.13,ID,1675615796
279,mount isa,-20.7333,139.5,24.87,100,100,2.06,AU,1675615674
280,surab,28.4914,66.2585,9.88,51,0,2.81,PK,1675615797
281,ayios serafim,38.8,22.7,2.64,81,100,3.49,GR,1675615797
282,derbent,42.0678,48.2899,3.64,88,77,3.95,RU,1675615797
283,kununurra,-15.7667,128.7333,25.99,94,68,0.0,AU,1675615663
284,rietavas,55.7194,21.9311,-4.87,85,89,1.22,LT,1675615798
285,manturovo,58.3353,44.7619,-9.96,98,100,0.51,RU,1675615799
286,george,-33.963,22.4617,22.75,83,75,4.12,ZA,1675615799
287,iqaluit,63.7506,-68.5145,-29.06,68,75,6.17,CA,1675615799
288,hobyo,5.3505,48.5268,24.84,79,90,8.61,SO,1675615800
289,kruisfontein,-34.0033,24.7314,25.49,74,12,6.9,ZA,1675615773
290,sabang,5.8933,95.3214,27.36,71,97,2.17,ID,1675615801
291,jackson,42.4165,-122.8345,5.93,85,100,3.09,US,1675615575
292,janow lubelski,50.707,22.4104,-3.61,93,100,3.82,PL,1675615543
293,angoche,-16.2325,39.9086,26.73,86,67,3.63,MZ,1675615805
294,ambilobe,-13.2,49.05,23.87,94,100,0.69,MG,1675615807
295,sobolevo,54.4299,31.8996,-4.79,94,100,3.69,RU,1675615810
296,mbeya,-8.9,33.45,15.57,95,99,0.85,TZ,1675615811
297,nuevo progreso,23.1667,-97.95,24.94,51,0,0.45,MX,1675615813
298,haines junction,60.7522,-137.5108,-12.03,85,97,1.03,CA,1675615817
299,kieta,-6.2167,155.6333,25.54,85,100,1.29,PG,1675615819
300,vilhena,-12.7406,-60.1458,29.12,58,40,3.09,BR,1675615821
301,wajima,37.4,136.9,5.95,73,60,4.57,JP,1675615557
302,cockburn town,21.4612,-71.1419,25.17,77,5,9.23,TC,1675615773
303,bereda,43.2686,-7.5406,10.08,84,4,3.48,ES,1675615831
304,lokosovo,61.1333,74.8167,-19.06,100,98,1.37,RU,1675615831
305,broome,42.2506,-75.833,3.38,55,100,3.58,US,1675615832
306,vangaindrano,-23.35,47.6,23.09,91,97,3.21,MG,1675615833
307,mehamn,71.0357,27.8492,-4.03,74,0,6.69,NO,1675615833
308,fairbanks,64.8378,-147.7164,-26.06,74,0,0.0,US,1675615833
309,voskresenskoye,56.8381,45.4317,-10.02,96,99,1.38,RU,1675615834
310,hami,42.8,93.45,-1.1,38,13,0.67,CN,1675615834
311,chadan,51.2833,91.5833,-17.13,98,99,0.36,RU,1675615835
312,ales,44.1333,4.0833,10.6,56,39,5.63,FR,1675615835
313,sinnamary,5.3833,-52.95,25.49,87,99,6.44,GF,1675615836
314,santa cruz,-17.8,-63.1667,28.03,65,75,6.17,BO,1675615563
315,xingyi,24.1877,102.817,10.12,48,6,1.69,CN,1675615836
316,vao,-22.6667,167.4833,26.08,87,68,8.17,NC,1675615836
317,nuuk,64.1835,-51.7216,-10.66,85,75,3.6,GL,1675615837
318,mamallapuram,12.6264,80.1722,25.03,79,88,4.0,IN,1675615837
319,upernavik,72.7868,-56.1549,-25.59,97,99,2.82,GL,1675615838
320,yingkou,40.6648,122.2283,-2.47,60,79,4.07,CN,1675615838
321,atchison,39.563,-95.1216,11.19,72,0,3.25,US,1675615838
322,batagay-alyta,67.8006,130.4114,-31.82,100,100,0.52,RU,1675615839
323,cortez,37.3489,-108.5859,8.17,59,0,0.0,US,1675615839
324,lompoc,34.6391,-120.4579,12.79,87,75,7.6,US,1675615840
325,severo-kurilsk,50.6789,156.125,-4.47,79,94,3.59,RU,1675615840
326,boa vista,2.8197,-60.6733,24.99,83,75,8.23,BR,1675615841
327,ngunguru,-35.6167,174.5,18.59,94,100,2.87,NZ,1675615841
328,sao joao da barra,-21.6403,-41.0511,34.05,73,13,4.19,BR,1675615841
329,alyangula,-13.8483,136.4192,27.23,64,72,2.49,AU,1675615842
330,staraya poltavka,50.4772,46.4814,-8.73,95,99,2.56,RU,1675615842
331,san juan,-31.5375,-68.5364,34.73,20,0,4.6,AR,1675615585
332,salalah,17.0151,54.0924,24.05,73,0,1.54,OM,1675615843
333,neiafu,-18.65,-173.9833,26.71,75,100,7.66,TO,1675615843
334,ahipara,-35.1667,173.1667,17.47,92,97,3.42,NZ,1675615844
335,bandar,2.05,99.75,22.91,97,100,1.17,ID,1675615791
336,buluang,13.3068,123.3425,22.82,94,90,1.32,PH,1675615844
337,troitskoye,52.9821,84.6757,-15.96,93,27,2.95,RU,1675615845
338,cap malheureux,-19.9842,57.6142,27.48,76,73,2.68,MU,1675615845
339,port lincoln,-34.7333,135.8667,16.26,83,2,5.09,AU,1675615846
340,marystown,47.1666,-55.1483,-3.47,77,92,10.14,CA,1675615756
341,huai thalaeng,14.997,102.6475,28.48,69,88,1.11,TH,1675615846
342,westport,41.1415,-73.3579,6.37,53,0,6.69,US,1675615614
343,ilulissat,69.2167,-51.1,-15.99,72,75,5.66,GL,1675615847
344,nagapattinam,10.7667,79.8333,23.67,82,46,4.29,IN,1675615847
345,lagoa,39.05,-27.9833,15.29,84,79,9.19,PT,1675615848
346,saldanha,-33.0117,17.9442,25.03,85,30,9.55,ZA,1675615665
347,qesarya,32.5189,34.9046,15.96,59,16,8.0,IL,1675615848
348,tonneins,44.3921,0.3124,10.23,70,36,3.08,FR,1675615849
349,opuwo,-18.0607,13.84,27.6,22,85,5.8,NA,1675615849
350,san andres,12.5847,-81.7006,29.01,65,20,7.2,CO,1675615639
351,namibe,-15.1961,12.1522,23.29,73,59,3.98,AO,1675615850
352,beyneu,45.3167,55.2,1.97,69,100,0.22,KZ,1675615850
353,kitimat,54.0524,-128.6534,3.21,31,100,0.45,CA,1675615851
354,hervey bay,-25.2986,152.8535,25.55,89,97,4.86,AU,1675615851
355,warrnambool,-38.3833,142.4833,13.48,85,55,3.13,AU,1675615851
356,tres arroyos,-38.3739,-60.2798,33.65,22,30,4.0,AR,1675615852
357,nanakuli,21.3906,-158.1547,23.12,73,75,2.57,US,1675615852
358,molfetta,41.2002,16.5975,6.49,46,40,6.69,IT,1675615853
359,kansanshi,-12.0951,26.4273,17.4,96,85,1.91,ZM,1675615853
360,oussouye,12.485,-16.5469,33.1,17,79,3.78,SN,1675615853
361,aegviidu,59.2858,25.6142,-1.02,89,100,6.17,EE,1675615854
362,dzilam gonzalez,21.2833,-88.9333,25.51,69,76,3.34,MX,1675615581
363,naples,40.8333,14.25,9.03,45,40,7.2,IT,1675615591
364,xichang,27.8964,102.2634,8.09,48,4,0.83,CN,1675615855
365,piacabucu,-10.4056,-36.4344,29.72,62,55,5.28,BR,1675615667
366,aquiraz,-3.9014,-38.3911,30.05,70,72,4.26,BR,1675615855
367,maracacume,-2.0428,-45.9592,27.93,81,99,2.49,BR,1675615856
368,providencia,28.7167,-111.5833,19.12,28,0,0.83,MX,1675615856
369,ilo,-17.6394,-71.3375,25.31,75,86,4.05,PE,1675615857
370,gonbad-e qabus,37.25,55.1672,11.53,53,0,2.06,IR,1675615857
371,remanso,-9.6179,-42.0831,33.24,34,39,3.42,BR,1675615857
372,gawler,-34.6,138.7333,15.75,80,0,2.01,AU,1675615858
373,antofagasta,-23.65,-70.4,25.12,68,1,3.85,CL,1675615858
374,huejuquilla el alto,22.6,-103.8667,20.99,23,7,0.93,MX,1675615859
375,blagoyevo,63.3667,47.9167,-20.95,100,92,1.2,RU,1675615859
376,hefei,31.8639,117.2808,8.01,81,100,2.0,CN,1675615703
377,vanavara,60.34,102.2797,-17.32,99,100,0.65,RU,1675615860
378,peniche,39.3558,-9.3811,16.63,56,3,3.15,PT,1675615860
379,dekar,-21.5333,21.9333,25.93,56,99,2.25,BW,1675615860
380,padron,42.7388,-8.6606,15.3,66,0,1.56,ES,1675615861
381,golaesti,47.2333,27.7,-1.58,92,40,4.63,RO,1675615861
382,orlik,52.5178,99.825,-18.96,99,100,0.54,RU,1675615865
383,kandrian,-6.2167,149.55,25.47,85,93,1.86,PG,1675615655
384,nome,64.5011,-165.4064,-7.96,86,100,1.54,US,1675615867
385,namwala,-15.7504,26.4384,20.79,91,99,1.27,ZM,1675615868
386,madimba,-10.4,40.3333,28.62,83,75,4.12,TZ,1675615869
387,niquelandia,-14.4739,-48.4597,29.65,59,42,1.01,BR,1675615645
388,ikryanoye,46.0932,47.7308,-2.01,94,74,3.36,RU,1675615870
389,kajaani,64.2273,27.7285,-5.97,93,100,2.57,FI,1675615872
390,lakatoro,-16.0999,167.4164,27.17,83,100,4.88,VU,1675615715
391,saint-georges,12.0564,-61.7485,27.82,74,75,11.32,GD,1675615875
392,gezing,47.9178,13.1299,1.31,89,20,1.54,AT,1675615876
393,sorland,67.667,12.6934,2.92,60,96,9.44,NO,1675615715
394,poplar bluff,36.757,-90.3929,10.18,76,0,4.63,US,1675615878
395,piacenza,45.0468,9.6994,7.47,76,0,3.6,IT,1675615856
396,zhezkazgan,47.8043,67.7144,-2.62,98,100,2.84,KZ,1675615881
397,mosquera,4.7059,-74.2302,19.05,45,20,5.14,CO,1675615882
398,sinazongwe,-17.2614,27.4618,25.35,76,100,1.7,ZM,1675615883
399,pacific grove,36.6177,-121.9166,11.86,89,75,3.09,US,1675615883
400,salekhard,66.53,66.6019,-23.5,99,61,1.5,RU,1675615885
401,pemangkat,1.1667,108.9667,24.77,89,99,2.13,ID,1675615886
402,evensk,61.95,159.2333,-27.05,78,28,3.76,RU,1675615887
403,kjollefjord,70.9457,27.3465,-1.97,74,0,6.69,NO,1675615888
404,mareeba,-17.0,145.4333,24.13,97,97,0.82,AU,1675615891
405,la ronge,55.1001,-105.2842,-3.86,86,100,3.09,CA,1675615891
406,saint george,37.1041,-113.5841,2.33,75,0,3.09,US,1675615862
407,ponnani,10.767,75.9252,26.62,82,41,1.82,IN,1675615892
408,hede,33.7681,120.2517,3.81,87,89,3.1,CN,1675615892
409,yarim,14.298,44.3779,13.48,48,76,1.86,YE,1675615893
410,liverpool,53.4106,-2.9779,7.89,66,0,2.06,GB,1675615893
411,erzin,36.9559,36.2,6.25,83,100,3.06,TR,1675615894
412,mount gambier,-37.8333,140.7667,11.22,94,41,1.84,AU,1675615713
413,kamenka,51.3223,42.7678,-12.12,98,75,2.03,RU,1675615894
414,canton,23.1167,113.25,16.04,87,100,1.17,CN,1675615895
415,altamira,-3.2033,-52.2064,31.05,66,75,3.6,BR,1675615895
416,san cristobal,7.7669,-72.225,27.1,61,49,3.69,VE,1675615896
417,porto santo,33.072,-16.3415,17.21,63,40,6.17,PT,1675615896
418,zhuhai,22.2769,113.5678,18.25,88,40,2.06,CN,1675615897
419,nioro,13.35,-15.75,35.56,7,75,2.67,GM,1675615897
420,svetlogorsk,52.6333,29.7333,-4.19,89,100,4.27,BY,1675615897
421,kenai,60.5544,-151.2583,-6.06,93,100,9.77,US,1675615834
422,chorley,53.65,-2.6167,7.4,71,98,0.41,GB,1675615898
423,mpika,-11.8343,31.4529,16.05,97,98,2.34,ZM,1675615899
424,roma,43.2128,-75.4557,5.46,50,100,2.24,US,1675615654
425,dhidhdhoo,6.8833,73.1,27.33,71,76,0.69,MV,1675615899
426,itupiranga,-5.1347,-49.3267,27.18,55,96,0.65,BR,1675615900
427,yar-sale,66.8333,70.8333,-20.93,99,97,2.98,RU,1675615900
428,maceio,-9.6658,-35.7353,30.69,66,75,6.17,BR,1675615771
429,yerbogachen,61.2767,108.0108,-30.13,100,96,1.01,RU,1675615901
430,mayo,38.8876,-76.5119,9.46,44,0,5.66,US,1675615901
431,papara,-3.9839,-38.7273,29.22,59,87,3.58,BR,1675615901
432,halifax,44.6453,-63.5724,0.25,89,100,8.23,CA,1675615653
433,balma,43.6111,1.4994,8.95,76,100,5.14,FR,1675615902
434,santa rosa,14.3122,121.1114,26.99,80,76,3.92,PH,1675615776
435,ketchikan,55.3422,-131.6461,3.99,87,75,0.0,US,1675615902
436,chumikan,54.7183,135.315,-21.1,89,86,7.03,RU,1675615903
437,puerto cabezas,14.0351,-83.3888,28.98,74,40,3.09,NI,1675615903
438,la crosse,43.8014,-91.2396,-0.91,78,75,4.63,US,1675615904
439,lakselv,70.0513,24.9718,-8.1,73,75,9.26,NO,1675615904
440,avera,33.194,-82.5271,9.03,61,100,0.53,US,1675615904
441,shenjiamen,29.9576,122.298,10.92,95,100,4.46,CN,1675615905
442,bakel,14.905,-12.4568,33.16,8,42,3.34,SN,1675615905
443,le vauclin,14.5452,-60.8388,29.03,65,62,11.32,MQ,1675615906
444,hirara,24.8,125.2833,21.78,80,100,6.59,JP,1675615906
445,macau,22.2006,113.5461,18.25,88,40,2.06,MO,1675615907
446,kirsanov,52.6549,42.7224,-8.68,97,92,2.23,RU,1675615907
447,muskogee,35.5834,-95.3336,12.64,76,0,2.57,US,1675615908
448,de land,29.0283,-81.3031,22.28,79,100,2.06,US,1675615908
449,zirandaro,18.45,-100.9833,31.24,31,0,0.81,MX,1675615908
450,grindavik,63.8424,-22.4338,8.26,100,100,14.4,IS,1675615698
451,ortega,3.9361,-75.2217,31.03,44,16,1.94,CO,1675615909
452,san pedro,14.35,121.0167,26.57,78,75,2.57,PH,1675615910
453,uvira,-3.4067,29.1458,23.94,79,88,2.99,CD,1675615910
454,shubarshi,48.5872,57.1869,-12.66,90,92,3.13,KZ,1675615910
455,manuk mangkaw,4.8,119.85,27.09,76,97,1.4,PH,1675615911
456,palu,-0.8917,119.8707,24.18,92,97,1.0,ID,1675615911
457,yulara,-25.2406,130.9889,21.54,22,0,4.32,AU,1675615911
458,goure,13.9835,10.2704,30.54,13,100,3.73,NE,1675615912
459,dieppe,49.75,1.1667,7.88,77,58,4.15,FR,1675615912
460,bilibino,68.0546,166.4372,-32.56,100,100,0.92,RU,1675615913
461,milove,49.3787,40.1302,-4.11,95,100,4.24,UA,1675615913
462,bathsheba,13.2167,-59.5167,29.34,61,40,11.83,BB,1675615913
463,arlit,18.7369,7.3853,30.0,8,11,3.79,NE,1675615914
464,gambela,8.25,34.5833,31.72,21,73,0.91,ET,1675615914
465,tomatlan,19.9333,-105.25,29.98,30,16,1.87,MX,1675615844
466,seaham,54.839,-1.3458,6.45,69,100,2.86,GB,1675615915
467,shingu,33.7333,135.9833,3.94,59,19,2.53,JP,1675615915
468,akyab,20.15,92.9,20.64,54,18,6.41,MM,1675615916
469,talcahuano,-36.7167,-73.1167,16.82,82,56,4.12,CL,1675615916
470,port macquarie,-31.4333,152.9167,19.94,79,50,1.22,AU,1675615917
471,khandyga,62.6667,135.6,-36.37,100,98,0.24,RU,1675615917
472,sungaipenuh,-2.0833,101.3833,17.15,90,97,0.91,ID,1675615917
473,alta floresta,-9.8756,-56.0861,27.9,78,75,1.03,BR,1675615918
474,fuerte,17.5381,120.3644,23.61,81,67,1.91,PH,1675615918
475,caxias,38.7031,-9.2767,18.84,45,0,3.09,PT,1675615919
476,barreirinha,-2.7933,-57.07,28.37,75,95,2.16,BR,1675615920
477,les escoumins,48.1111,-69.0236,-11.36,88,100,4.89,CA,1675615629
478,mildura,-34.2,142.15,19.31,45,0,2.97,AU,1675615921
479,camacha,33.0833,-16.3333,15.68,63,40,6.17,PT,1675615921
480,igarka,67.4667,86.5833,-17.26,98,98,2.17,RU,1675615924
481,caibarien,22.5206,-79.4669,28.62,61,1,5.01,CU,1675615928
482,husavik,66.0449,-17.3389,7.51,79,100,10.66,IS,1675615930
483,koshurnikovo,54.1667,93.3,-21.59,100,99,1.07,RU,1675615934
484,jalu,29.0331,21.5482,15.59,53,77,7.75,LY,1675615938
485,camopi,3.1655,-52.3158,23.52,98,99,1.32,GF,1675615680
486,port keats,-14.25,129.55,26.37,77,29,0.63,AU,1675615941
487,margate,51.3813,1.3862,7.17,78,100,3.58,GB,1675615942
488,lannion,48.75,-3.4167,8.97,72,0,3.09,FR,1675615944
489,whitehorse,60.7161,-135.0538,-16.77,77,0,1.54,CA,1675615688
490,luganville,-15.5333,167.1667,26.96,86,98,6.38,VU,1675615841
491,san lorenzo,-25.3333,-57.5333,31.52,38,75,2.68,PY,1675615819
492,katobu,-4.9408,122.5276,24.33,94,100,1.65,ID,1675615950
493,port antonio,18.18,-76.4612,30.0,62,9,4.43,JM,1675615951
494,dezhou,37.4486,116.2925,4.59,52,66,2.54,CN,1675615952
495,requena,39.4883,-1.1004,10.44,43,0,2.1,ES,1675615952
496,kamenskiy,50.8855,45.488,-12.45,99,100,1.65,RU,1675615953
497,finsterwalde,51.6333,13.7167,0.05,71,100,2.11,DE,1675615953
498,kholm,59.2667,32.85,-10.59,97,100,2.24,RU,1675615954
499,svodna,45.0372,16.5383,-1.03,59,66,1.75,BA,1675615954
500,sakakah,29.9697,40.2064,15.76,31,97,3.3,SA,1675615954
501,sable-sur-sarthe,47.8376,-0.3329,10.11,76,76,4.02,FR,1675615955
502,cayeli,41.0923,40.7292,7.82,68,100,0.56,TR,1675615955
503,ngama,11.7833,17.1667,30.05,9,61,4.06,TD,1675615956
504,manadhoo,5.7667,73.3833,27.16,74,100,1.65,MV,1675615956
505,tanout,14.9709,8.8879,30.88,11,81,4.07,NE,1675615956
506,viedma,-40.8135,-62.9967,36.31,14,75,6.81,AR,1675615850
507,dauphin,51.1494,-100.0502,-10.92,85,100,1.03,CA,1675615957
508,cam ranh,11.9214,109.1591,22.98,88,20,1.03,VN,1675615957
509,havoysund,70.9963,24.6622,-1.87,97,100,19.11,NO,1675615958
510,stephenville crossing,48.5,-58.4318,-5.93,79,75,11.83,CA,1675615958
511,jinka,5.65,36.65,22.44,39,44,1.01,ET,1675615959
512,artigas,-30.4,-56.4667,32.07,14,26,3.63,UY,1675615959
513,boende,-0.2167,20.8667,30.16,36,85,1.1,CD,1675615960
514,amapa,1.0,-52.0,26.51,89,99,1.34,BR,1675615740
515,nelson,-41.2833,173.2833,17.38,95,23,0.45,NZ,1675615960
516,aswan,24.0934,32.907,21.61,18,0,3.09,EG,1675615960
517,lincoln,40.8,-96.667,9.05,58,0,1.34,US,1675615917
518,moss vale,-34.55,150.3833,16.75,87,54,2.1,AU,1675615961
519,hibbing,47.4272,-92.9377,-11.22,72,100,4.63,US,1675615962
520,marrakesh,31.6315,-8.0083,20.04,22,40,3.09,MA,1675615962
521,itarema,-2.9248,-39.9167,29.26,65,85,5.92,BR,1675615895
522,villa sandino,12.0483,-84.9936,27.65,58,56,9.22,NI,1675615963
523,ambalavao,-21.8333,46.9333,18.05,94,87,2.5,MG,1675615963
524,nizhnyaya omka,55.4338,74.9426,-19.66,100,100,2.81,RU,1675615964
525,naze,28.3667,129.4833,17.51,75,100,5.17,JP,1675615964
526,great yarmouth,52.6083,1.7305,7.14,87,100,5.08,GB,1675615678
527,gwadar,25.1216,62.3254,21.88,75,1,7.04,PK,1675615964
528,rapid valley,44.0625,-103.1463,9.24,55,0,3.58,US,1675615965
529,somanda,-3.3667,33.95,21.65,63,68,3.93,TZ,1675615965
530,yuci,37.6803,112.7319,-3.14,54,18,2.0,CN,1675615966
531,sterling,39.0062,-77.4286,9.61,41,75,4.63,US,1675615966
532,popondetta,-8.7537,148.2534,23.32,95,98,1.53,PG,1675615774
533,kaz,52.9113,87.3105,-18.18,100,95,1.33,RU,1675615967
534,wamba,8.9333,8.6,33.67,14,100,1.59,NG,1675615967
535,miri,4.4148,114.0089,26.08,94,40,1.54,MY,1675615968
536,bentiu,9.2333,29.8333,30.26,12,19,2.04,SS,1675615968
537,minas,-34.3759,-55.2377,29.25,33,56,3.21,UY,1675615969
538,coahuayana,18.7333,-103.6833,30.39,33,0,2.18,MX,1675615969
539,kokoda,-8.8785,147.7407,23.88,93,100,1.04,PG,1675615970
540,pogradec,40.9025,20.6525,-4.0,63,87,4.5,AL,1675615970
541,clarksburg,39.2807,-80.3445,12.25,36,0,6.17,US,1675615937
542,gushikawa,26.3544,127.8686,19.77,88,40,2.06,JP,1675615970
543,harrisonburg,38.4496,-78.8689,13.23,30,100,4.34,US,1675615964
544,pangnirtung,66.1451,-65.7125,-33.84,98,100,0.5,CA,1675615971
545,manavalakurichi,8.1333,77.3,25.06,78,84,2.04,IN,1675615971
546,lazaro cardenas,17.9583,-102.2,28.6,43,0,1.93,MX,1675615972
547,waconia,44.8508,-93.7869,-2.59,77,46,0.89,US,1675615878
548,christchurch,-43.5333,172.6333,22.11,45,1,4.12,NZ,1675615807
549,vila velha,-20.3297,-40.2925,33.97,67,20,6.17,BR,1675615973
550,swan river,52.1058,-101.2676,-11.06,85,71,1.54,CA,1675615973
551,tevriz,57.509,72.4042,-16.89,100,99,0.93,RU,1675615974
552,zlobin,45.2924,14.6541,-0.39,43,0,4.12,HR,1675615974
553,faro,37.0194,-7.9322,18.43,51,0,4.12,PT,1675615974
554,davidson,36.1501,-86.7833,13.37,50,75,7.72,US,1675615975
555,port perry,44.1068,-78.9444,3.81,98,100,6.05,CA,1675615976
556,warkworth,-36.4,174.6667,19.16,95,100,2.14,NZ,1675615976
557,gilgit,35.9221,74.3087,0.34,57,96,0.93,PK,1675615976
558,banyo,6.75,11.8167,28.56,15,85,1.98,CM,1675615977
559,germantown,39.1732,-77.2717,9.27,45,0,3.09,US,1675615883
560,whitianga,-36.8333,175.7,18.26,94,100,1.88,NZ,1675615800
561,nikolsk,53.7189,46.0712,-11.5,98,99,1.42,RU,1675615978
562,deputatskiy,69.3,139.9,-30.78,99,100,1.51,RU,1675615978
563,talnakh,69.4865,88.3972,-15.44,96,100,1.58,RU,1675615848
564,pastavy,55.1168,26.8326,-9.19,97,96,2.11,BY,1675615979
565,along,28.1667,94.7667,12.77,61,3,0.96,IN,1675615850
566,saint-pierre,-21.3393,55.4781,27.82,69,0,1.03,RE,1675615980
567,helong,42.5397,128.9972,-8.93,96,97,1.66,CN,1675615980
568,kemerovo,55.3333,86.0833,-12.17,78,0,4.0,RU,1675615981
569,bambanglipuro,-7.95,110.2833,25.56,84,99,2.98,ID,1675615981
570,chowchilla,37.123,-120.2602,11.49,87,100,3.6,US,1675615982
571,homer,59.6425,-151.5483,0.93,74,100,6.69,US,1675615983
572,marang,5.2056,103.2059,26.95,91,100,1.04,MY,1675615984
573,tessalit,20.1986,1.0114,27.26,8,65,4.1,ML,1675615975
574,praia da vitoria,38.7333,-27.0667,18.14,72,20,7.26,PT,1675615988
575,olenino,56.2092,33.4889,-5.9,89,100,2.84,RU,1675615991
